Name,Value
Dan Bot,10.28641433
Kawa,9.703695605
M Aux,6.269506789
Speder,5.300379699
PDT,4.537502733
Shanley,4.321312844
TC,4.296463432
Matt H,4.287766137
Mike,4.21446037
Jay,3.864083653
Andy,3.661560941
Cohn,3.661560941
Billy,3.287577282
JR,2.9272608
Primiano,2.133322068
Myrv,1.791642646
Tom,1.258622746
Elissa,0.5583663002
Mark K,2